epoch,time,train/box_loss,train/cls_loss,train/dfl_loss,metrics/precision(B),metrics/recall(B),metrics/mAP50(B),metrics/mAP50-95(B),val/box_loss,val/cls_loss,val/dfl_loss,lr/pg0,lr/pg1,lr/pg2
1,373.232,0.79966,2.94294,1.28543,0.29956,0.40547,0.20218,0.17486,0.48385,3.11564,1.00496,0.000325397,0.000325397,0.000325397
2,741.22,0.89157,2.27409,1.32488,0.30878,0.55403,0.38489,0.33195,0.7013,3.10121,1.1798,0.000649414,0.000649414,0.000649414
